"sequence","SUBHOLDING","NAMA LOKASI","REGION","TIPE FASILITAS","ID FASILITAS","NPS","Group_NPS","Numeric_NPS","Overall Satisfaction","Group_Overall Satisfaction","Numeric_Overall Satisfaction","Saran dan Masukan","Tags_Saran dan Masukan","Sentiment_Saran dan Masukan","People-Berikan penilaian Anda terhadap kepuasan Anda dengan hal-hal berikut di layanan kami","Numeric_People-Berikan penilaian Anda terhadap kepuasan Anda dengan hal-hal berikut di layanan kami","Product or Premises-Berikan penilaian Anda terhadap kepuasan Anda dengan hal-hal berikut di layanan kami","Numeric_Product or Premises-Berikan penilaian Anda terhadap kepuasan Anda dengan hal-hal berikut di layanan kami","Process-Berikan penilaian Anda terhadap kepuasan Anda dengan hal-hal berikut di layanan kami","Numeric_Process-Berikan penilaian Anda terhadap kepuasan Anda dengan hal-hal berikut di layanan kami","Respondent Id","Survey Status","Survey Mode","Sync On-DateTime","Sync By","Response Time","Interviewer Id","Subscription Id","Project Id","Questionnaire Version","Channel Type","Is Anonymous","Test Response","Distribution Channel","Response Language","Camp Sent On Date Time","Inapp Trigger Type","Inapp Trigger Value","Name","Email","Phone Number","ID","Client Name","Company Name","Keyword","Platform Category","Tone","Published Date","Survey Type","Final Tag Facility","Trigger Time","Response Imports","Campaign Id"
"1","API","SUB","4","T1,LORONG KEDATANGAN 1A","SUB-PRAYI-T1-LORONG KEDATANGAN 1A",,,,"2","Not Satisfied","2","Toliletnya cuma 1 kita yg butuh .. Maaf buang air besar harus gantian.. Paling tdk 2 lha gtu","Restroom and Toilet Facilities (Cleanliness, Maintenance, Accessibility, Signage)","Negative",,,"5","5","4","4","f1c13301-4c0e-4d72-b4a8-d5c7b9447134","Completed",,"24-04-2026 07:03:05",,"133751",,"cab97c1f-67b4-11f0-a847-0a0cda9789f2","11cad9db-78d1-400a-80b6-3844b88ac336","9",,"true",,,,,,,,,,,,,,,,,,,,,
"2","API","SUB","4","T1,GATE 1","SUB-PRAYI-T1-GATE 1",,,,"3","Neutral","3","Baik",,"Positive",,,"1","1","1","1","0ddc35e6-119b-4482-8c18-e2444a1b0234","Partial",,"24-04-2026 11:09:51",,,,"cab97c1f-67b4-11f0-a847-0a0cda9789f2","11cad9db-78d1-400a-80b6-3844b88ac336","9",,"true",,,,,,,,,,,,,,,,,,,,,
"3","API","SUB","4","T1,GATE 1","SUB-PRAYI-T1-GATE 1",,,,"1","Not Satisfied","1",,,,,,"1","1","1","1","5540d8c4-26d6-4649-9b74-d1ecbbd334c9","Partial",,"24-04-2026 12:43:16",,,,"cab97c1f-67b4-11f0-a847-0a0cda9789f2","11cad9db-78d1-400a-80b6-3844b88ac336","9",,"true",,,,,,,,,,,,,,,,,,,,,
"4","API dan IAS","CGK T2","1","CHECK IN T2D","API-CHECK IN-CGK T2-HCI D",,,,"5","Satisfied","5","Service excellence","Customer Service and Staff Behavior","Positive","5","5","5","5","5","5","200c4938-366d-4bff-9761-42b85e9d2427","Completed",,"24-04-2026 05:41:20",,"79897",,"cab97c1f-67b4-11f0-a847-0a0cda9789f2","11cad9db-78d1-400a-80b6-3844b88ac336","9",,"true",,,,,,,,,,,,,,,,,,,,,
"5","API dan IAS","CGK T2","1","CHECK IN T2D","API-CHECK IN-CGK T2-HCI D",,,,"5","Satisfied","5","Sejauh ini cukup","Operational Efficiency and Overall Satisfaction (Flight Punctuality, Service Quality, Facility Improvements)","Neutral","5","5","5","5","5","5","e28f0fc5-e521-4e16-9dd5-ee334cbed79c","Completed",,"24-04-2026 05:41:57",,"31608",,"cab97c1f-67b4-11f0-a847-0a0cda9789f2","11cad9db-78d1-400a-80b6-3844b88ac336","9",,"true",,,,,,,,,,,,,,,,,,,,,
"6","API","SUB","4","T2,DEPP 1","SUB-CHECK-T2-DEPP 1",,,,"5","Satisfied","5",,,,"5","5","5","5","5","5","02785641-9190-453f-9686-55ce93de8901","Partial",,"24-04-2026 14:01:38",,,,"cab97c1f-67b4-11f0-a847-0a0cda9789f2","11cad9db-78d1-400a-80b6-3844b88ac336","9",,"true",,,,,,,,,,,,,,,,,,,,,
"7","API dan IAS","CGK T3","1","TOILET T3 INT - PARKING PRIA","PI.01.S.P",,,,"4","Satisfied","4",,,,,,,,,,"4244adbc-e776-4d4e-adca-a9a493a844c0","Partial",,"23-04-2026 15:15:07",,,,"cab97c1f-67b4-11f0-a847-0a0cda9789f2","11cad9db-78d1-400a-80b6-3844b88ac336","9",,"true",,,,,,,,,,,,,,,,,,,,,
"8","API dan IAS","CGK T2","1","TOILET T2F - CHECKIN WANITA","API&IAS-TOILET-CGK T2-HCI F TW",,,,"5","Satisfied","5","Pasilitas toilet berfungsi bagus dan sesuai standar bandara internasional","Restroom and Toilet Facilities (Cleanliness, Maintenance, Accessibility, Signage)","Positive","3","3","5","5","4","4","1ce33c62-6ef5-4603-86af-334574d953db","Completed",,"23-04-2026 16:51:19",,"153715",,"cab97c1f-67b4-11f0-a847-0a0cda9789f2","11cad9db-78d1-400a-80b6-3844b88ac336","9",,"true",,,,,,,,,,,,,,,,,,,,,
"9","API dan IAS","KNO","3","TOILET,D2 WANITA","KNO-TW-D02",,,,"5","Satisfied","5",,,,"5","5","5","5","5","5","8a6dbf7b-714d-4b5c-8e9c-39b5067edef3","Completed",,"23-04-2026 17:10:47",,"59760",,"cab97c1f-67b4-11f0-a847-0a0cda9789f2","11cad9db-78d1-400a-80b6-3844b88ac336","9",,"true",,,,,,,,,,,,,,,,,,,,,
"10","API dan IAS","CGK T2","1","TOILET T2F - CHECKIN WANITA","API&IAS-TOILET-CGK T2-HCI F TW",,,,"5","Satisfied","5",,,,"5","5","5","5","5","5","3fc3153c-d0ef-4ec4-992b-2e3079181b0b","Completed",,"23-04-2026 17:25:46",,"65180",,"cab97c1f-67b4-11f0-a847-0a0cda9789f2","11cad9db-78d1-400a-80b6-3844b88ac336","9",,"true",,,,,,,,,,,,,,,,,,,,,
"11","API dan IAS","KNO","3","TOILET,D2 WANITA","KNO-TW-D02",,,,"5","Satisfied","5",,,,,,,,,,"38f1de97-2f5b-40ce-9dd3-646cad206b4b","Partial",,"23-04-2026 17:09:03",,,,"cab97c1f-67b4-11f0-a847-0a0cda9789f2","11cad9db-78d1-400a-80b6-3844b88ac336","9",,"true",,,,,,,,,,,,,,,,,,,,,
"12","API dan IAS","CGK T3","1","TOILET T3 INT - ARRIVAL CURBSIDE GATE 1 PRIA","I.G.02.P",,,,"2","Not Satisfied","2","air bekas kencing orang tidak langsung turun dan bau sekali","Restroom and Toilet Facilities (Cleanliness, Maintenance, Accessibility, Signage)","Negative","5","5","2","2","3","3","9f3e8c4d-0056-4027-aca3-797ae706dd08","Completed",,"23-04-2026 19:44:00",,"100604",,"cab97c1f-67b4-11f0-a847-0a0cda9789f2","11cad9db-78d1-400a-80b6-3844b88ac336","9",,"true",,,,,,,,,,,,,,,,,,,,,
"13","API dan IAS","CGK T3","1","TOILET T3 DOM - SCP WANITA","D.S.02.W",,,,"5","Satisfied","5","Fasilitas lengkap","Airport Facilities and Amenities (Shower Rooms, Charging Stations, Food & Beverage)","Positive","5","5","5","5","5","5","1f235383-0453-4d5b-b6be-6b64037dfbe9","Completed",,"23-04-2026 20:17:03",,"89363",,"cab97c1f-67b4-11f0-a847-0a0cda9789f2","11cad9db-78d1-400a-80b6-3844b88ac336","9",,"true",,,,,,,,,,,,,,,,,,,,,
"14","API dan IAS","KNO","3","TOILET,A7 PRIA","KNO-TP-A07",,,,"5","Satisfied","5","Ramah dan Bersih","Customer Service and Staff Behavior","Positive","5","5","5","5","5","5","d05255d6-8e0c-4d8b-b8df-92af397b74a5","Partial",,"23-04-2026 20:33:03",,,,"cab97c1f-67b4-11f0-a847-0a0cda9789f2","11cad9db-78d1-400a-80b6-3844b88ac336","9",,"true",,,,,,,,,,,,,,,,,,,,,
"15","API dan IAS","CGK T3","1","TOILET T3 INT - ARRIVAL CURBSIDE GATE 1 PRIA","I.G.02.P",,,,"5","Satisfied","5","Bersih dan rapih","Restroom and Toilet Facilities (Cleanliness, Maintenance, Accessibility, Signage)","Positive","5","5","5","5","5","5","70ead7ea-387d-40c7-93ae-0b3b51c7dfea","Completed",,"23-04-2026 23:03:11",,"23514",,"cab97c1f-67b4-11f0-a847-0a0cda9789f2","11cad9db-78d1-400a-80b6-3844b88ac336","9",,"true",,,,,,,,,,,,,,,,,,,,,
"16","API dan IAS","CGK T2","1","TOILET T2D - CURBSIDE KEBERANGKATAN WANITA","API&IAS-TOILET-CGK T2-PCI D TW",,,,"5","Satisfied","5",,,,"5","5","5","5","5","5","5f55a42b-150f-424f-8436-eb925096db0d","Completed",,"24-04-2026 00:04:58",,"49217",,"cab97c1f-67b4-11f0-a847-0a0cda9789f2","11cad9db-78d1-400a-80b6-3844b88ac336","9",,"true",,,,,,,,,,,,,,,,,,,,,
"17","API dan IAS","CGK T3","1","TOILET T3 INT - BAGGAGE CLAIM WANITA","I.G.04.W",,,,"5","Satisfied","5","Bersih dan wangi","Restroom and Toilet Facilities (Cleanliness, Maintenance, Accessibility, Signage)","Positive","5","5","5","5","5","5","738ce449-1004-4d4c-8d37-c92fffc25a4e","Completed",,"24-04-2026 01:39:46",,"33790",,"cab97c1f-67b4-11f0-a847-0a0cda9789f2","11cad9db-78d1-400a-80b6-3844b88ac336","9",,"true",,,,,,,,,,,,,,,,,,,,,
"18","API dan IAS","CGK T3","1","TOILET T3 DOM - SCP PRIA","D.S.02.P",,,,"5","Satisfied","5","Toilet bersih dan wangi","Restroom and Toilet Facilities (Cleanliness, Maintenance, Accessibility, Signage)","Positive","5","5","5","5","5","5","465c7f12-8273-41f0-a8fc-09ac1e3282ec","Completed",,"24-04-2026 02:08:03",,"78377",,"cab97c1f-67b4-11f0-a847-0a0cda9789f2","11cad9db-78d1-400a-80b6-3844b88ac336","9",,"true",,,,,,,,,,,,,,,,,,,,,
"19","API dan IAS","CGK T3","1","TOILET T3 INT - BOARDING ROOM GATE 8 PRIA","I.F.02.P",,,,"5","Satisfied","5","Bersih","Restroom and Toilet Facilities (Cleanliness, Maintenance, Accessibility, Signage)","Positive","5","5","5","5","5","5","59098f9e-565e-4762-b77e-375900c52ca5","Completed",,"24-04-2026 02:55:59",,"43759",,"cab97c1f-67b4-11f0-a847-0a0cda9789f2","11cad9db-78d1-400a-80b6-3844b88ac336","9",,"true",,,,,,,,,,,,,,,,,,,,,
"20","API dan IAS","CGK T3","1","TOILET T3 DOM - ARRIVAL CURBSIDE WANITA","D.G.02.W",,,,"5","Satisfied","5",,,,"5","5","5","5","5","5","bee16d75-0f6e-40f8-8ad4-0f600d97fca5","Completed",,"24-04-2026 07:18:10",,"34552",,"cab97c1f-67b4-11f0-a847-0a0cda9789f2","11cad9db-78d1-400a-80b6-3844b88ac336","9",,"true",,,,,,,,,,,,,,,,,,,,,
"21","API dan IAS","KNO","3","TOILET,P4 WANITA","KNO-TW-P04",,,,"5","Satisfied","5","Very good","Environmental Comfort (Air Conditioning, Temperature, Air Quality, Ventilation)","Positive","5","5","5","5","5","5","86bc7c2c-9a8f-4ee8-b0cc-584d162a96d1","Completed",,"24-04-2026 08:24:38",,"53369",,"cab97c1f-67b4-11f0-a847-0a0cda9789f2","11cad9db-78d1-400a-80b6-3844b88ac336","9",,"true",,,,,,,,,,,,,,,,,,,,,
"22","API dan IAS","KNO","3","TOILET,A6 PRIA","KNO-TP-A06",,,,"5","Satisfied","5","Mengkilat","Environmental Comfort (Air Conditioning, Temperature, Air Quality, Ventilation)","Positive","5","5","5","5","5","5","f435a791-b966-4e0a-a7c0-528b13299f94","Completed",,"24-04-2026 13:20:42",,"76822",,"cab97c1f-67b4-11f0-a847-0a0cda9789f2","11cad9db-78d1-400a-80b6-3844b88ac336","9",,"true",,,,,,,,,,,,,,,,,,,,,
"23","API dan IAS","KNO","3","TOILET,A3 PRIA","KNO-TP-A03",,,,"5","Satisfied","5","Kasi form penilaian yg praktis.(gak usah pake barcode)","Check-in Process and Counter Availability","Neutral","5","5","5","5","5","5","72b07e67-e984-4319-93bf-e690271e8c32","Completed",,"24-04-2026 09:57:21",,"197924",,"cab97c1f-67b4-11f0-a847-0a0cda9789f2","11cad9db-78d1-400a-80b6-3844b88ac336","9",,"true",,,,,,,,,,,,,,,,,,,,,
"24","API dan IAS","CGK T2","1","TOILET T2D - BAGGAGE CLAIM PRIA","API&IAS-TOILET-CGK T2-HCO D TP",,,,"5","Satisfied","5","Toilet Cukup banyak, bersih juga nyaman untuk di gunakan
Petugas baik selalu menyapa","Customer Service and Staff Behavior|Restroom and Toilet Facilities (Cleanliness, Maintenance, Accessibility, Signage)","Positive","5","5","5","5","5","5","72dbd640-a5db-4ca5-97e6-4b21dbb29e19","Completed",,"24-04-2026 10:40:39",,"108577",,"cab97c1f-67b4-11f0-a847-0a0cda9789f2","11cad9db-78d1-400a-80b6-3844b88ac336","9",,"true",,,,,,,,,,,,,,,,,,,,,
"25","API dan IAS","CGK T2","1","TOILET T2F - CHECKIN WANITA","API&IAS-TOILET-CGK T2-HCI F TW",,,,"5","Satisfied","5","Toilet bersih dan wangi petugas ramah","Customer Service and Staff Behavior|Restroom and Toilet Facilities (Cleanliness, Maintenance, Accessibility, Signage)","Positive","5","5","5","5","5","5","4241ed07-cfc4-43de-b79a-6c48879af382","Completed",,"24-04-2026 11:04:48",,"127040",,"cab97c1f-67b4-11f0-a847-0a0cda9789f2","11cad9db-78d1-400a-80b6-3844b88ac336","9",,"true",,,,,,,,,,,,,,,,,,,,,
"26","API dan IAS","CGK T3","1","TOILET T3 INT - BOARDING ROOM GATE 5 WANITA","I.F.05.W",,,,"5","Satisfied","5","Everything so clean, cleaner staff so polite, very welcoming, and smells amazing, no watermarks or watersplash on the floor, flawless dry","Customer Service and Staff Behavior|Restroom and Toilet Facilities (Cleanliness, Maintenance, Accessibility, Signage)","Positive","5","5","5","5","5","5","b5fbf883-4bcc-49f1-94f0-189a10a31551","Completed",,"24-04-2026 11:11:15",,"123971",,"cab97c1f-67b4-11f0-a847-0a0cda9789f2","11cad9db-78d1-400a-80b6-3844b88ac336","9",,"true",,,,,,,,,,,,,,,,,,,,,
"27","API dan IAS","CGK T3","1","TOILET T3 DOM - ARRIVAL CORRIDOR GATE 16 WANITA","D.G.09.W",,,,"5","Satisfied","5","Sudah sangat baik","Operational Efficiency and Overall Satisfaction (Flight Punctuality, Service Quality, Facility Improvements)","Positive","5","5","5","5","5","5","91eed5ff-039e-4f50-a476-c16ad5096432","Completed",,"24-04-2026 11:13:37",,"81417",,"cab97c1f-67b4-11f0-a847-0a0cda9789f2","11cad9db-78d1-400a-80b6-3844b88ac336","9",,"true",,,,,,,,,,,,,,,,,,,,,
"28","API dan IAS","KNO","3","TOILET,P3 WANITA","KNO-TW-P03",,,,"5","Satisfied","5","Baik","Operational Efficiency and Overall Satisfaction (Flight Punctuality, Service Quality, Facility Improvements)","Positive","5","5","5","5","5","5","e92515ed-8ab6-40fe-ba13-50d7fbcbfb74","Completed",,"24-04-2026 11:37:57",,"35126",,"cab97c1f-67b4-11f0-a847-0a0cda9789f2","11cad9db-78d1-400a-80b6-3844b88ac336","9",,"true",,,,,,,,,,,,,,,,,,,,,
"29","API dan IAS","KNO","3","TOILET,P4 WANITA","KNO-TW-P04",,,,"5","Satisfied","5","Ramah","Customer Service and Staff Behavior","Positive","5","5","5","5","5","5","509711b7-6e1b-422a-b8d2-18e2727d756a","Completed",,"24-04-2026 13:07:12",,"36877",,"cab97c1f-67b4-11f0-a847-0a0cda9789f2","11cad9db-78d1-400a-80b6-3844b88ac336","9",,"true",,,,,,,,,,,,,,,,,,,,,
"30","API dan IAS","CGK T1","1","TOILET T1A - CURBSIDE WANITA","A. PCI. W",,,,"5","Satisfied","5","Toilet dan musholla di Bandara Soetta bersih dan rapi","Restroom and Toilet Facilities (Cleanliness, Maintenance, Accessibility, Signage)","Positive","5","5","5","5","5","5","4890552d-b5cc-4bb0-b645-b82a41c3c3e2","Completed",,"24-04-2026 14:06:18",,"119338",,"cab97c1f-67b4-11f0-a847-0a0cda9789f2","11cad9db-78d1-400a-80b6-3844b88ac336","9",,"true",,,,,,,,,,,,,,,,,,,,,
"31","API dan IAS","CGK T3","1","TOILET T3 DOM - BOARDING ROOM GATE 12 PRIA","D.F.02.P",,,,"5","Satisfied","5","Toilet bersih dan wangi","Restroom and Toilet Facilities (Cleanliness, Maintenance, Accessibility, Signage)","Positive","5","5","5","5","5","5","e8bb60f4-749c-4621-8ce8-2ce1983b2bca","Completed",,"24-04-2026 15:03:42",,"42831",,"cab97c1f-67b4-11f0-a847-0a0cda9789f2","11cad9db-78d1-400a-80b6-3844b88ac336","9",,"true",,,,,,,,,,,,,,,,,,,,,
