"sequence","SUBHOLDING","NAMA LOKASI","TIPE FASILITAS","KETERANGAN FASILITAS","ID FASILITAS","Seberapa puas Bapak / Ibu terhadap layanan Information Center kami?","Group_Seberapa puas Bapak / Ibu terhadap layanan Information Center kami?","Numeric_Seberapa puas Bapak / Ibu terhadap layanan Information Center kami?","Silakan berikan saran dan masukan Anda terkait fasilitas Information Center kami (Opsional)","Tags_Silakan berikan saran dan masukan Anda terkait fasilitas Information Center kami (Opsional)","Sentiment_Silakan berikan saran dan masukan Anda terkait fasilitas Information Center kami (Opsional)","Staff dan Petugas (Penampilan, keramahan, dll)-Berikan penilaian Anda terhadap kepuasan Anda dengan hal-hal berikut di Information Center kami","Numeric_Staff dan Petugas (Penampilan, keramahan, dll)-Berikan penilaian Anda terhadap kepuasan Anda dengan hal-hal berikut di Information Center kami","Kelengkapan dan Ketersediaan Fasilitas-Berikan penilaian Anda terhadap kepuasan Anda dengan hal-hal berikut di Information Center kami","Numeric_Kelengkapan dan Ketersediaan Fasilitas-Berikan penilaian Anda terhadap kepuasan Anda dengan hal-hal berikut di Information Center kami","Kebersihan, Kenyamanan, dan Kemudahan Akses Informasi-Berikan penilaian Anda terhadap kepuasan Anda dengan hal-hal berikut di Information Center kami","Numeric_Kebersihan, Kenyamanan, dan Kemudahan Akses Informasi-Berikan penilaian Anda terhadap kepuasan Anda dengan hal-hal berikut di Information Center kami","Hal apa saja dari pelayanan Staff dan Petugas kami yang menurut Bapak / Ibu Memuaskan?","Other Choice-Lainnya","Hal apa saja dari pelayanan Staff dan Petugas kami yang menurut Bapak / Ibu Kurang Memuaskan?","Other Choice-Lainnya_1","Hal apa saja dari Kelengkapan dan Ketersediaan Fasilitas kami yang menurut Bapak / Ibu Memuaskan?","Other Choice-Lainnya_2","Hal apa saja dari Kelengkapan dan Ketersediaan Fasilitas kami yang menurut Bapak / Ibu Kurang Memuaskan?","Other Choice-Lainnya_3","Hal apa saja dari Kebersihan, Kenyamanan, dan Kemudahan Akses Informasi kami yang menurut Bapak / Ibu Memuaskan?","Other Choice-Lainnya_4","Hal apa saja dari Kebersihan, Kenyamanan, dan Kemudahan Akses Informasi kami yang menurut Bapak / Ibu Kurang Memuaskan?","Other Choice-Lainnya_5","Respondent Id","Survey Status","Survey Mode","Sync On-DateTime","Sync By","Response Time","Interviewer Id","Subscription Id","Project Id","Questionnaire Version","Channel Type","Is Anonymous","Test Response","Distribution Channel","Response Language","Camp Sent On Date Time","Inapp Trigger Type","Inapp Trigger Value","Name","Email","Phone Number","ID","Client Name","Company Name","Keyword","Platform Category","Tone","Published Date","Trigger Time","Response Imports","Campaign Id"
"1","IDM","TMII","PUSAT INFORMASI","Pusat Informasi Main Lobby","IDM-TMII-PUSAT INFORMASI-Pusat Informasi Main Lobby-01","5","Satisfied","5",,,,"5","5","4","4","4","4","Melakukan layanan secara profesional dan ramah (menjaga kontak mata, tersenyum tulus, dan memberikan solusi dengan empati)|Memiliki penampilan yang bersih dan rapi|Memberikan informasi dengan jelas dan akurat",,,,"Fasilitas pusat informasi tersedia dengan baik dan mudah diakses oleh pengunjung|Fasilitas pusat informasi lengkap dan mendukung kebutuhan pengunjung",,,,"Pusat informasi bersih dan tertata dengan baik|Pusat informasi nyaman digunakan oleh pengunjung|Informasi mudah diakses dan disampaikan dengan jelas kepada pengunjung",,,,"3a7b9e70-d3ee-41f0-8c74-23f9f86072d2","Completed","New","13-12-2025 17:09:27","Anonymous","63856",,"cab97c1f-67b4-11f0-a847-0a0cda9789f2","1eb4a3f0-5e3d-4ac9-b813-8b1a562e7235",,,"true","False","QrCode","Bahasa","2025-12-13T10:08:23.2251Z",,,,,,,,,,,,,,,"68b5aaf51f3cc3c03afa57ae"
"2","IDM","TMII","PUSAT INFORMASI","Pusat Informasi Main Lobby","IDM-TMII-PUSAT INFORMASI-Pusat Informasi Main Lobby-01","4","Satisfied","4",,,,"5","5","5","5","5","5","Melakukan layanan secara profesional dan ramah (menjaga kontak mata, tersenyum tulus, dan memberikan solusi dengan empati)|Memiliki penampilan yang bersih dan rapi|Memberikan informasi dengan jelas dan akurat|Melayani dengan cepat dan tepat|Membantu dan memastikan kesiapan fasilitas",,,,"Fasilitas pusat informasi lengkap dan mendukung kebutuhan pengunjung|Fasilitas pusat informasi tersedia dengan baik dan mudah diakses oleh pengunjung",,,,"Pusat informasi bersih dan tertata dengan baik|Pusat informasi nyaman digunakan oleh pengunjung|Informasi mudah diakses dan disampaikan dengan jelas kepada pengunjung",,,,"cbe79eec-f08e-4e82-90dc-0358c0dd4d12","Completed","New","13-12-2025 17:09:18","Anonymous","38420",,"cab97c1f-67b4-11f0-a847-0a0cda9789f2","1eb4a3f0-5e3d-4ac9-b813-8b1a562e7235",,,"true","False","QrCode","Bahasa","2025-12-13T10:08:39.3765Z",,,,,,,,,,,,,,,"68b5aaf51f3cc3c03afa57ae"
"3","IDM","TMII","PUSAT INFORMASI","Pusat Informasi Main Lobby","IDM-TMII-PUSAT INFORMASI-Pusat Informasi Main Lobby-01","5","Satisfied","5","Sudah sangat baik sekali, saat ada kendala cuaca penanganannya sangat baik sekali","Staff Friendliness and Service Quality","Positive","5","5","5","5","5","5","Melakukan layanan secara profesional dan ramah (menjaga kontak mata, tersenyum tulus, dan memberikan solusi dengan empati)|Memiliki penampilan yang bersih dan rapi|Memberikan informasi dengan jelas dan akurat|Melayani dengan cepat dan tepat|Membantu dan memastikan kesiapan fasilitas",,,,"Fasilitas pusat informasi lengkap dan mendukung kebutuhan pengunjung|Fasilitas pusat informasi tersedia dengan baik dan mudah diakses oleh pengunjung",,,,"Pusat informasi bersih dan tertata dengan baik|Pusat informasi nyaman digunakan oleh pengunjung|Informasi mudah diakses dan disampaikan dengan jelas kepada pengunjung",,,,"3a6384e3-b294-4e66-8a75-717b0838851f","Completed","New","13-12-2025 17:09:00","Anonymous","68508",,"cab97c1f-67b4-11f0-a847-0a0cda9789f2","1eb4a3f0-5e3d-4ac9-b813-8b1a562e7235",,,"true","False","QrCode","Bahasa","2025-12-13T10:07:51.7322Z",,,,,,,,,,,,,,,"68b5aaf51f3cc3c03afa57ae"
"4","IDM","TMII","PUSAT INFORMASI","Pusat Informasi Main Lobby","IDM-TMII-PUSAT INFORMASI-Pusat Informasi Main Lobby-01","5","Satisfied","5","Keren banget sukses selalu tmii",,"Positive","5","5","5","5","5","5","Melakukan layanan secara profesional dan ramah (menjaga kontak mata, tersenyum tulus, dan memberikan solusi dengan empati)|Memiliki penampilan yang bersih dan rapi|Memberikan informasi dengan jelas dan akurat|Melayani dengan cepat dan tepat|Membantu dan memastikan kesiapan fasilitas",,,,"Fasilitas pusat informasi lengkap dan mendukung kebutuhan pengunjung|Fasilitas pusat informasi tersedia dengan baik dan mudah diakses oleh pengunjung",,,,"Pusat informasi bersih dan tertata dengan baik|Pusat informasi nyaman digunakan oleh pengunjung|Informasi mudah diakses dan disampaikan dengan jelas kepada pengunjung",,,,"c9580013-428f-466c-900b-ba1048c6f555","Completed","New","13-12-2025 14:19:06","Anonymous","33942",,"cab97c1f-67b4-11f0-a847-0a0cda9789f2","1eb4a3f0-5e3d-4ac9-b813-8b1a562e7235",,,"true","False","QrCode","English","2025-12-13T07:18:31.9758Z",,,,,,,,,,,,,,,"68b5aaf51f3cc3c03afa57ae"
"5","IDM","TMII","PUSAT INFORMASI","Pusat Informasi Main Lobby","IDM-TMII-PUSAT INFORMASI-Pusat Informasi Main Lobby-01","5","Satisfied","5","great, sangat puas dengan layanannya","Staff Friendliness and Service Quality","Positive","5","5","5","5","5","5","Melakukan layanan secara profesional dan ramah (menjaga kontak mata, tersenyum tulus, dan memberikan solusi dengan empati)|Memiliki penampilan yang bersih dan rapi|Memberikan informasi dengan jelas dan akurat|Melayani dengan cepat dan tepat|Membantu dan memastikan kesiapan fasilitas",,,,"Fasilitas pusat informasi lengkap dan mendukung kebutuhan pengunjung|Fasilitas pusat informasi tersedia dengan baik dan mudah diakses oleh pengunjung",,,,"Pusat informasi bersih dan tertata dengan baik|Pusat informasi nyaman digunakan oleh pengunjung|Informasi mudah diakses dan disampaikan dengan jelas kepada pengunjung",,,,"2bc6196c-13e2-4f2b-b5d0-f122aa6b5deb","Completed","New","13-12-2025 14:18:41","Anonymous","107065",,"cab97c1f-67b4-11f0-a847-0a0cda9789f2","1eb4a3f0-5e3d-4ac9-b813-8b1a562e7235",,,"true","False","QrCode","Bahasa","2025-12-13T07:16:54.2338Z",,,,,,,,,,,,,,,"68b5aaf51f3cc3c03afa57ae"
"6","IDM","TMII","PUSAT INFORMASI","Pusat Informasi Main Lobby","IDM-TMII-PUSAT INFORMASI-Pusat Informasi Main Lobby-01","5","Satisfied","5",,,,"5","5","5","5","5","5","Memberikan informasi dengan jelas dan akurat",,,,"Fasilitas pusat informasi lengkap dan mendukung kebutuhan pengunjung",,,,"Pusat informasi bersih dan tertata dengan baik|Pusat informasi nyaman digunakan oleh pengunjung|Informasi mudah diakses dan disampaikan dengan jelas kepada pengunjung",,,,"a4c3074d-2f4f-4fb0-b0cc-ccabbb77fa6d","Completed","New","13-12-2025 14:18:41","Anonymous","81483",,"cab97c1f-67b4-11f0-a847-0a0cda9789f2","1eb4a3f0-5e3d-4ac9-b813-8b1a562e7235",,,"true","False","QrCode","English","2025-12-13T07:17:11.5241Z",,,,,,,,,,,,,,,"68b5aaf51f3cc3c03afa57ae"
"7","IDM","TMII","PUSAT INFORMASI","Pusat Informasi Main Lobby","IDM-TMII-PUSAT INFORMASI-Pusat Informasi Main Lobby-01","5","Satisfied","5","Untuk fasilitas informationnya ok","Visitor Information and Signage Clarity","Positive","5","5","5","5","5","5","Melakukan layanan secara profesional dan ramah (menjaga kontak mata, tersenyum tulus, dan memberikan solusi dengan empati)",,,,"Fasilitas pusat informasi tersedia dengan baik dan mudah diakses oleh pengunjung",,,,"Informasi mudah diakses dan disampaikan dengan jelas kepada pengunjung",,,,"56453779-48a1-4780-8a38-48ae5d826c9e","Completed","New","13-12-2025 14:18:26","Anonymous","79658",,"cab97c1f-67b4-11f0-a847-0a0cda9789f2","1eb4a3f0-5e3d-4ac9-b813-8b1a562e7235",,,"true","False","QrCode","Bahasa","2025-12-13T07:17:06.3465Z",,,,,,,,,,,,,,,"68b5aaf51f3cc3c03afa57ae"
"8","IDM","TMII","PUSAT INFORMASI","Pusat Informasi Main Lobby","IDM-TMII-PUSAT INFORMASI-Pusat Informasi Main Lobby-01","5","Satisfied","5",,,,"5","5","5","5","5","5","Melakukan layanan secara profesional dan ramah (menjaga kontak mata, tersenyum tulus, dan memberikan solusi dengan empati)|Memiliki penampilan yang bersih dan rapi|Memberikan informasi dengan jelas dan akurat|Melayani dengan cepat dan tepat|Membantu dan memastikan kesiapan fasilitas",,,,"Fasilitas pusat informasi lengkap dan mendukung kebutuhan pengunjung|Fasilitas pusat informasi tersedia dengan baik dan mudah diakses oleh pengunjung",,,,"Pusat informasi bersih dan tertata dengan baik|Pusat informasi nyaman digunakan oleh pengunjung|Informasi mudah diakses dan disampaikan dengan jelas kepada pengunjung",,,,"fc18993e-ab5b-4954-9402-0cbdca3e0ede","Completed","New","13-12-2025 14:17:50","Anonymous","30909",,"cab97c1f-67b4-11f0-a847-0a0cda9789f2","1eb4a3f0-5e3d-4ac9-b813-8b1a562e7235",,,"true","False","QrCode","Bahasa","2025-12-13T07:17:19.3938Z",,,,,,,,,,,,,,,"68b5aaf51f3cc3c03afa57ae"
"9","IDM","TMII","PUSAT INFORMASI","Pusat Informasi Main Lobby","IDM-TMII-PUSAT INFORMASI-Pusat Informasi Main Lobby-01","5","Satisfied","5","Sangat menarik","Visitor Information and Signage Clarity","Positive","5","5","5","5","5","5","Melakukan layanan secara profesional dan ramah (menjaga kontak mata, tersenyum tulus, dan memberikan solusi dengan empati)|Memiliki penampilan yang bersih dan rapi|Memberikan informasi dengan jelas dan akurat|Melayani dengan cepat dan tepat|Membantu dan memastikan kesiapan fasilitas",,,,"Fasilitas pusat informasi lengkap dan mendukung kebutuhan pengunjung|Fasilitas pusat informasi tersedia dengan baik dan mudah diakses oleh pengunjung",,,,"Pusat informasi bersih dan tertata dengan baik|Pusat informasi nyaman digunakan oleh pengunjung|Informasi mudah diakses dan disampaikan dengan jelas kepada pengunjung",,,,"36fff080-f318-4e43-9009-9874b86365cc","Completed","New","13-12-2025 14:17:05","Anonymous","45837",,"cab97c1f-67b4-11f0-a847-0a0cda9789f2","1eb4a3f0-5e3d-4ac9-b813-8b1a562e7235",,,"true","False","QrCode","Bahasa","2025-12-13T07:16:18.9581Z",,,,,,,,,,,,,,,"68b5aaf51f3cc3c03afa57ae"
"10","IDM","TMII","PUSAT INFORMASI","Pusat Informasi Main Lobby","IDM-TMII-PUSAT INFORMASI-Pusat Informasi Main Lobby-01","5","Satisfied","5","Sudah sangat Bagus","Visitor Information and Signage Clarity","Positive","5","5","5","5","5","5","Melakukan layanan secara profesional dan ramah (menjaga kontak mata, tersenyum tulus, dan memberikan solusi dengan empati)",,,,"Fasilitas pusat informasi tersedia dengan baik dan mudah diakses oleh pengunjung",,,,"Informasi mudah diakses dan disampaikan dengan jelas kepada pengunjung",,,,"84e5538f-09e1-4a83-9e42-47bd40e66109","Completed","New","13-12-2025 11:16:46","Anonymous","56848",,"cab97c1f-67b4-11f0-a847-0a0cda9789f2","1eb4a3f0-5e3d-4ac9-b813-8b1a562e7235",,,"true","False","QrCode","Bahasa","2025-12-13T04:15:50.0884Z",,,,,,,,,,,,,,,"68b5aaf51f3cc3c03afa57ae"
"11","IDM","TMII","PUSAT INFORMASI","Pusat Informasi Main Lobby","IDM-TMII-PUSAT INFORMASI-Pusat Informasi Main Lobby-01","5","Satisfied","5","Keep it up! Free & very helpful!","Visitor Information and Signage Clarity","Positive","5","5","5","5","5","5","Melakukan layanan secara profesional dan ramah (menjaga kontak mata, tersenyum tulus, dan memberikan solusi dengan empati)|Memiliki penampilan yang bersih dan rapi|Memberikan informasi dengan jelas dan akurat|Melayani dengan cepat dan tepat|Membantu dan memastikan kesiapan fasilitas",,,,"Fasilitas pusat informasi lengkap dan mendukung kebutuhan pengunjung|Fasilitas pusat informasi tersedia dengan baik dan mudah diakses oleh pengunjung",,,,"Pusat informasi bersih dan tertata dengan baik|Pusat informasi nyaman digunakan oleh pengunjung|Informasi mudah diakses dan disampaikan dengan jelas kepada pengunjung",,,,"f4273761-a984-40ac-841f-07970a9b6288","Completed","New","13-12-2025 11:16:30","Anonymous","57315",,"cab97c1f-67b4-11f0-a847-0a0cda9789f2","1eb4a3f0-5e3d-4ac9-b813-8b1a562e7235",,,"true","False","QrCode","Bahasa","2025-12-13T04:15:32.4174Z",,,,,,,,,,,,,,,"68b5aaf51f3cc3c03afa57ae"
