"sequence","SUBHOLDING","NAMA LOKASI","REGION","TIPE FASILITAS","ID FASILITAS","Seberapa puas Bapak / Ibu terhadap fasilitas Toilet kami?","Group_Seberapa puas Bapak / Ibu terhadap fasilitas Toilet kami?","Numeric_Seberapa puas Bapak / Ibu terhadap fasilitas Toilet kami?","Silakan berikan saran dan masukan Anda terkait fasilitas Toilet kami (Opsional)","Tags_Silakan berikan saran dan masukan Anda terkait fasilitas Toilet kami (Opsional)","Sentiment_Silakan berikan saran dan masukan Anda terkait fasilitas Toilet kami (Opsional)","Staff (penampilan, keramahan, dll)-Berikan penilaian Anda terhadap kepuasan Anda dengan hal-hal berikut di Toilet kami","Numeric_Staff (penampilan, keramahan, dll)-Berikan penilaian Anda terhadap kepuasan Anda dengan hal-hal berikut di Toilet kami","Fasilitas Toilet  (Toilet bowl, tisu, dll)-Berikan penilaian Anda terhadap kepuasan Anda dengan hal-hal berikut di Toilet kami","Numeric_Fasilitas Toilet  (Toilet bowl, tisu, dll)-Berikan penilaian Anda terhadap kepuasan Anda dengan hal-hal berikut di Toilet kami","Alur & Pengelolaan Toilet-Berikan penilaian Anda terhadap kepuasan Anda dengan hal-hal berikut di Toilet kami","Numeric_Alur & Pengelolaan Toilet-Berikan penilaian Anda terhadap kepuasan Anda dengan hal-hal berikut di Toilet kami","Hal apa saja dari pelayanan Staff dan Petugas kami yang menurut Bapak / Ibu Memuaskan?","Other Choice-Lainnya","Hal apa saja dari pelayanan Staff dan Petugas kami yang menurut Bapak / Ibu Kurang Memuaskan?","Other Choice-Lainnya_1","Hal apa saja dari Fasilitas Toilet kami yang menurut Bapak / Ibu Memuaskan?","Other Choice-Lainnya_2","Hal apa saja dari Fasilitas Toilet kami yang menurut Bapak / Ibu Kurang Memuaskan?","Other Choice-Lainnya_3","Hal apa saja dari Alur & Pengelolaan Toilet kami yang menurut Bapak / Ibu Memuaskan?","Other Choice-Lainnya_4","Hal apa saja dari Alur & Pengelolaan Toilet kami yang menurut Bapak / Ibu Kurang Memuaskan?","Other Choice-Lainnya_5","Respondent Id","Survey Status","Survey Mode","Sync On-DateTime","Sync By","Response Time","Interviewer Id","Subscription Id","Project Id","Questionnaire Version","Channel Type","Is Anonymous","Test Response","Distribution Channel","Response Language","Camp Sent On Date Time","Inapp Trigger Type","Inapp Trigger Value","Name","Email","Phone Number","ID","Client Name","Company Name","Keyword","Platform Category","Tone","Published Date","Survey Type","Final Tag Facility","Trigger Time","Campaign Id"
"1","API dan IAS","CGK T3","1","TOILET T3 INT - ARRIVAL CORRIDOR BBKK-IMIGRASI PRIA","I.G.05.P","5","Satisfied","5","Toilet harum dan bersih","Cleanliness and Hygiene of Toilets","Positive","5","5","5","5","5","5","Petugas ramah dan sopan|Berpenampilan rapi dengan seragam jelas|Cepat tanggap saat membantu penumpang|Jumlah petugas cukup",,,,"Ketersediaan tisu, sabun, air, dan hand dryer|Toilet bowl, urinoir, dan wastafel bersih dan berfungsi dengan baik|Toilet memiliki aroma yang wangi",,,,"Lokasi toilet mudah terlihat dan terjangkau|Jumlah toilet mencukupi sehingga tidak ada antrean|Proses penanganan masalah cepat sehingga aktivitas bisa berjalan dengan lancar|Jadwal kebersihan yang konsisten sehingga toilet selalu dalam kondisi bersih",,,,"457f671a-2751-48cf-8249-172bfad922ee","Completed","New","21-04-2026 15:12:33","Anonymous","98778",,"cab97c1f-67b4-11f0-a847-0a0cda9789f2","01f4f038-24c4-4c5e-8607-032254333b0e",,,"true","False","QrCode","Bahasa","2026-04-21T08:10:55.1004Z",,,,,,,,,,,,,,,,"68b55898ba36f57e40594600"
"2","API dan IAS","CGK T1","1","TOILET T1B - CORRIDOR AFTER SCP PRIA","CCD. B1","5","Satisfied","5",,,,"5","5","5","5","5","5","Petugas ramah dan sopan",,,,"Toilet bowl, urinoir, dan wastafel bersih dan berfungsi dengan baik|Penerangan dan sirkulasi udara toilet baik",,,,"Jumlah toilet mencukupi sehingga tidak ada antrean|Lokasi toilet mudah terlihat dan terjangkau",,,,"f414a93a-dade-444a-bfe2-7fed256c669b","Completed","New","21-04-2026 15:08:25","Anonymous","13393",,"cab97c1f-67b4-11f0-a847-0a0cda9789f2","01f4f038-24c4-4c5e-8607-032254333b0e",,,"true","False","QrCode","Bahasa","2026-04-21T08:08:09.4126Z",,,,,,,,,,,,,,,,"68b55898ba36f57e40594600"
"3","API dan IAS","CGK T3","1","TOILET T3 INT - BOARDING ROOM GATE 5 PRIA","I.F.05.P","5","Satisfied","5","Toilet bersih dan wangi","Odor Control, Ventilation, and Overall Comfort|Cleanliness and Hygiene of Toilets","Positive","5","5","5","5","5","5","Cepat tanggap saat membantu penumpang|Berpenampilan rapi dengan seragam jelas|Petugas ramah dan sopan|Jumlah petugas cukup",,,,"Ketersediaan tisu, sabun, air, dan hand dryer|Toilet bowl, urinoir, dan wastafel bersih dan berfungsi dengan baik|Toilet memiliki aroma yang wangi",,,,"Jumlah toilet mencukupi sehingga tidak ada antrean|Proses penanganan masalah cepat sehingga aktivitas bisa berjalan dengan lancar|Jadwal kebersihan yang konsisten sehingga toilet selalu dalam kondisi bersih",,,,"5fe6d216-6622-4df3-8a3a-97480a330817","Completed","New","21-04-2026 15:06:17","Anonymous","37648",,"cab97c1f-67b4-11f0-a847-0a0cda9789f2","01f4f038-24c4-4c5e-8607-032254333b0e",,,"true","False","QrCode","Bahasa","2026-04-21T08:05:39.5825Z",,,,,,,,,,,,,,,,"68b55898ba36f57e40594600"
"4","API dan IAS","CGK T1","1","TOILET T1B - CHECKIN PRIA","B. HCI. P","5","Satisfied","5","Toilet Bersih dan Wangin","Cleanliness and Hygiene of Toilets","Positive","5","5","5","5","5","5","Petugas ramah dan sopan|Cepat tanggap saat membantu penumpang",,,,"Toilet memiliki aroma yang wangi",,,,"Lokasi toilet mudah terlihat dan terjangkau|Proses penanganan masalah cepat sehingga aktivitas bisa berjalan dengan lancar",,,,"61e05467-2742-47e0-8ace-a10dcedd81d2","Completed","New","21-04-2026 14:45:52","Anonymous","21630",,"cab97c1f-67b4-11f0-a847-0a0cda9789f2","01f4f038-24c4-4c5e-8607-032254333b0e",,,"true","False","QrCode","Bahasa","2026-04-21T07:45:27.3280Z",,,,,,,,,,,,,,,,"68b55898ba36f57e40594600"
"5","API dan IAS","KNO","3","TOILET,P1 PRIA","KNO-TP-P01","5","Satisfied","5","All perfect",,"Positive","5","5","5","5","5","5","Petugas ramah dan sopan|Berpenampilan rapi dengan seragam jelas|Jumlah petugas cukup|Cepat tanggap saat membantu penumpang",,,,"Ketersediaan tisu, sabun, air, dan hand dryer|Toilet bowl, urinoir, dan wastafel bersih dan berfungsi dengan baik|Toilet memiliki aroma yang wangi|Penerangan dan sirkulasi udara toilet baik",,,,"Lokasi toilet mudah terlihat dan terjangkau|Jumlah toilet mencukupi sehingga tidak ada antrean|Jadwal kebersihan yang konsisten sehingga toilet selalu dalam kondisi bersih",,,,"1c0b2280-bc73-4097-b503-ff2177e94725","Completed","New","21-04-2026 14:27:15","Anonymous","48773",,"cab97c1f-67b4-11f0-a847-0a0cda9789f2","01f4f038-24c4-4c5e-8607-032254333b0e",,,"true","False","QrCode","English","2026-04-21T07:26:19.2105Z",,,,,,,,,,,,,,,,"68b55898ba36f57e40594600"
"6","API dan IAS","CGK T1","1","TOILET T1B - BAGGAGE CLAIM PRIA","B.HCO.P","5","Satisfied","5",,,,"5","5","5","5","5","5","Petugas ramah dan sopan|Berpenampilan rapi dengan seragam jelas|Cepat tanggap saat membantu penumpang",,,,"Ketersediaan tisu, sabun, air, dan hand dryer|Toilet memiliki aroma yang wangi",,,,"Lokasi toilet mudah terlihat dan terjangkau|Jumlah toilet mencukupi sehingga tidak ada antrean|Proses penanganan masalah cepat sehingga aktivitas bisa berjalan dengan lancar",,,,"97f0506b-0056-4507-b0ae-060047cc8ecb","Completed","New","21-04-2026 14:11:07","Anonymous","16253",,"cab97c1f-67b4-11f0-a847-0a0cda9789f2","01f4f038-24c4-4c5e-8607-032254333b0e",,,"true","False","QrCode","Bahasa","2026-04-21T07:10:47.5729Z",,,,,,,,,,,,,,,,"68b55898ba36f57e40594600"
"7","API dan IAS","KNO","3","TOILET,P4 WANITA","KNO-TW-P04","5","Satisfied","5","mantap petugas nya pak charles","Customer Feedback, Complaint Handling, and Service Quality","Positive","5","5","5","5","5","5","Petugas ramah dan sopan|Berpenampilan rapi dengan seragam jelas|Cepat tanggap saat membantu penumpang|Jumlah petugas cukup",,,,"Ketersediaan tisu, sabun, air, dan hand dryer|Toilet bowl, urinoir, dan wastafel bersih dan berfungsi dengan baik|Toilet memiliki aroma yang wangi|Penerangan dan sirkulasi udara toilet baik",,,,"Lokasi toilet mudah terlihat dan terjangkau|Jumlah toilet mencukupi sehingga tidak ada antrean|Proses penanganan masalah cepat sehingga aktivitas bisa berjalan dengan lancar|Jadwal kebersihan yang konsisten sehingga toilet selalu dalam kondisi bersih",,,,"4131a2a2-1515-46a1-9c13-2ca4cc8670d1","Completed","New","21-04-2026 11:45:07","Anonymous","41381",,"cab97c1f-67b4-11f0-a847-0a0cda9789f2","01f4f038-24c4-4c5e-8607-032254333b0e",,,"true","False","QrCode","Bahasa","2026-04-21T04:44:25.3960Z",,,,,,,,,,,,,,,,"68b55898ba36f57e40594600"
"8","API dan IAS","CGK T3","1","TOILET T3 INT - ARRIVAL CURBSIDE GATE 1 PRIA","I.G.02.P","5","Satisfied","5","Bersih","Cleanliness and Hygiene of Toilets","Neutral","5","5","5","5","5","5","Petugas ramah dan sopan|Berpenampilan rapi dengan seragam jelas|Cepat tanggap saat membantu penumpang|Jumlah petugas cukup",,,,"Ketersediaan tisu, sabun, air, dan hand dryer|Toilet bowl, urinoir, dan wastafel bersih dan berfungsi dengan baik|Toilet memiliki aroma yang wangi|Penerangan dan sirkulasi udara toilet baik",,,,"Lokasi toilet mudah terlihat dan terjangkau|Jumlah toilet mencukupi sehingga tidak ada antrean|Proses penanganan masalah cepat sehingga aktivitas bisa berjalan dengan lancar|Jadwal kebersihan yang konsisten sehingga toilet selalu dalam kondisi bersih",,,,"164d2961-5bbc-438b-902d-17f0f1488468","Completed","New","21-04-2026 10:43:56","Anonymous","26633",,"cab97c1f-67b4-11f0-a847-0a0cda9789f2","01f4f038-24c4-4c5e-8607-032254333b0e",,,"true","False","QrCode","Bahasa","2026-04-21T03:43:30.0558Z",,,,,,,,,,,,,,,,"68b55898ba36f57e40594600"
"9","API dan IAS","CGK T1","1","TOILET T1B - BOARDING ROOM T1B-6 PRIA","B. BL6. P","5","Satisfied","5","Lengkap bersih kering dan wangi","Odor Control, Ventilation, and Overall Comfort|Cleanliness and Hygiene of Toilets","Positive","5","5","5","5","5","5","Petugas ramah dan sopan|Berpenampilan rapi dengan seragam jelas|Cepat tanggap saat membantu penumpang|Jumlah petugas cukup",,,,"Ketersediaan tisu, sabun, air, dan hand dryer|Toilet bowl, urinoir, dan wastafel bersih dan berfungsi dengan baik|Toilet memiliki aroma yang wangi|Penerangan dan sirkulasi udara toilet baik",,,,"Lokasi toilet mudah terlihat dan terjangkau|Jumlah toilet mencukupi sehingga tidak ada antrean|Proses penanganan masalah cepat sehingga aktivitas bisa berjalan dengan lancar|Jadwal kebersihan yang konsisten sehingga toilet selalu dalam kondisi bersih",,,,"7268f991-a63f-4bf7-a490-6f6efc755dd1","Completed","New","21-04-2026 10:41:53","Anonymous","48493",,"cab97c1f-67b4-11f0-a847-0a0cda9789f2","01f4f038-24c4-4c5e-8607-032254333b0e",,,"true","False","QrCode","Bahasa","2026-04-21T03:41:02.2706Z",,,,,,,,,,,,,,,,"68b55898ba36f57e40594600"
"10","API dan IAS","BPN","6","TOILET C1 - DIFABLE","BPN-TOILET-C1-DIFABLE","1","Not Satisfied","1","sangat” kotor","Cleanliness and Hygiene of Toilets","Negative","1","1","1","1","1","1",,,"Petugas tidak ramah dan kurang sopan",,,,"Tisu, sabun, air, dan hand dryer tidak tersedia",,,,"Lokasi toilet susah dicari dan tidak terjangkau",,"56bec9a1-38a0-43b5-a16e-92f4c93037d2","Completed","New","21-04-2026 10:38:47","Anonymous","44606",,"cab97c1f-67b4-11f0-a847-0a0cda9789f2","01f4f038-24c4-4c5e-8607-032254333b0e",,,"true","False","QrCode","Bahasa","2026-04-21T03:38:02.2148Z",,,,,,,,,,,,,,,,"68b55898ba36f57e40594600"
"11","API dan IAS","CGK T3","1","TOILET T3 DOM - BOARDING ROOM GATE 14 WANITA","D.F.04.W","5","Satisfied","5","Petugasnya oke toiletnya bersih dan wangi","Odor Control, Ventilation, and Overall Comfort|Cleanliness and Hygiene of Toilets","Positive","5","5","5","5","5","5","Petugas ramah dan sopan|Berpenampilan rapi dengan seragam jelas|Cepat tanggap saat membantu penumpang|Jumlah petugas cukup",,,,"Ketersediaan tisu, sabun, air, dan hand dryer|Toilet bowl, urinoir, dan wastafel bersih dan berfungsi dengan baik|Toilet memiliki aroma yang wangi|Penerangan dan sirkulasi udara toilet baik",,,,"Lokasi toilet mudah terlihat dan terjangkau|Jumlah toilet mencukupi sehingga tidak ada antrean|Proses penanganan masalah cepat sehingga aktivitas bisa berjalan dengan lancar|Jadwal kebersihan yang konsisten sehingga toilet selalu dalam kondisi bersih",,,,"8a2819cc-b311-4b54-85e0-c10cd9fadfe9","Completed","New","21-04-2026 10:25:08","Anonymous","75135",,"cab97c1f-67b4-11f0-a847-0a0cda9789f2","01f4f038-24c4-4c5e-8607-032254333b0e",,,"true","False","QrCode","Bahasa","2026-04-21T03:23:49.6661Z",,,,,,,,,,,,,,,,"68b55898ba36f57e40594600"
"12","API dan IAS","KNO","3","TOILET,P4 WANITA","KNO-TW-P04","5","Satisfied","5",,,,"5","5","5","5","5","5","Petugas ramah dan sopan|Berpenampilan rapi dengan seragam jelas|Cepat tanggap saat membantu penumpang|Jumlah petugas cukup",,,,"Toilet bowl, urinoir, dan wastafel bersih dan berfungsi dengan baik|Penerangan dan sirkulasi udara toilet baik|Ketersediaan tisu, sabun, air, dan hand dryer",,,,"Lokasi toilet mudah terlihat dan terjangkau|Jumlah toilet mencukupi sehingga tidak ada antrean|Proses penanganan masalah cepat sehingga aktivitas bisa berjalan dengan lancar",,,,"304ff4f9-ad3e-4e40-8d36-52ee33127dbc","Completed","New","21-04-2026 10:05:36","Anonymous","43965",,"cab97c1f-67b4-11f0-a847-0a0cda9789f2","01f4f038-24c4-4c5e-8607-032254333b0e",,,"true","False","QrCode","Bahasa","2026-04-21T03:04:52.1891Z",,,,,,,,,,,,,,,,"68b55898ba36f57e40594600"
"13","API dan IAS","KNO","3","TOILET,P5 WANITA","KNO-TW-P05","5","Satisfied","5","Toilet nya bersih petugas nya ramah x","Cleanliness and Hygiene of Toilets","Positive","5","5","5","5","5","5","Petugas ramah dan sopan",,,,"Ketersediaan tisu, sabun, air, dan hand dryer",,,,"Lokasi toilet mudah terlihat dan terjangkau",,,,"99ff12f2-e207-43c8-97ab-239d53870371","Completed","New","21-04-2026 09:09:46","Anonymous","22204",,"cab97c1f-67b4-11f0-a847-0a0cda9789f2","01f4f038-24c4-4c5e-8607-032254333b0e",,,"true","False","QrCode","Bahasa","2026-04-21T02:09:24.9373Z",,,,,,,,,,,,,,,,"68b55898ba36f57e40594600"
"14","API dan IAS","CGK T1","1","TOILET T1B - CHECKIN PRIA","B. HCI. P","5","Satisfied","5","Lengkap bersih kering dan wangi","Odor Control, Ventilation, and Overall Comfort","Positive","5","5","5","5","5","5","Petugas ramah dan sopan|Berpenampilan rapi dengan seragam jelas|Cepat tanggap saat membantu penumpang|Jumlah petugas cukup",,,,"Ketersediaan tisu, sabun, air, dan hand dryer|Toilet bowl, urinoir, dan wastafel bersih dan berfungsi dengan baik|Toilet memiliki aroma yang wangi|Penerangan dan sirkulasi udara toilet baik",,,,"Lokasi toilet mudah terlihat dan terjangkau|Jumlah toilet mencukupi sehingga tidak ada antrean|Proses penanganan masalah cepat sehingga aktivitas bisa berjalan dengan lancar|Jadwal kebersihan yang konsisten sehingga toilet selalu dalam kondisi bersih",,,,"db17579c-cef5-471d-9879-ade3a1ac2fc7","Completed","New","21-04-2026 09:05:18","Anonymous","28228",,"cab97c1f-67b4-11f0-a847-0a0cda9789f2","01f4f038-24c4-4c5e-8607-032254333b0e",,,"true","False","QrCode","Bahasa","2026-04-21T02:04:51.3380Z",,,,,,,,,,,,,,,,"68b55898ba36f57e40594600"
"15","API dan IAS","CGK T3","1","T3 INT - ARRIVAL CORRIDOR PIER 1 GATE 4 PRIA","I.G.11.P","5","Satisfied","5","Bersih dan wangi","Odor Control, Ventilation, and Overall Comfort","Positive","5","5","5","5","5","5","Petugas ramah dan sopan|Berpenampilan rapi dengan seragam jelas|Cepat tanggap saat membantu penumpang|Jumlah petugas cukup",,,,"Ketersediaan tisu, sabun, air, dan hand dryer|Toilet bowl, urinoir, dan wastafel bersih dan berfungsi dengan baik|Toilet memiliki aroma yang wangi|Penerangan dan sirkulasi udara toilet baik",,,,"Lokasi toilet mudah terlihat dan terjangkau|Jumlah toilet mencukupi sehingga tidak ada antrean|Proses penanganan masalah cepat sehingga aktivitas bisa berjalan dengan lancar|Jadwal kebersihan yang konsisten sehingga toilet selalu dalam kondisi bersih",,,,"38444a16-a399-40ee-a0fe-8499f40a963a","Completed","New","21-04-2026 08:46:05","Anonymous","29782",,"cab97c1f-67b4-11f0-a847-0a0cda9789f2","01f4f038-24c4-4c5e-8607-032254333b0e",,,"true","False","QrCode","Bahasa","2026-04-21T01:45:36.7410Z",,,,,,,,,,,,,,,,"68b55898ba36f57e40594600"
"16","API dan IAS","CGK T1","1","TOILET T1B - BAGGAGE CLAIM PRIA","B.HCO.P","3","Neutral","3","Rada kotor, tolong lebih di bersihkan. Semangat petugas kebersihan, sehat selalu.","Cleanliness and Hygiene of Toilets","Negative","5","5","4","4","2","2","Petugas ramah dan sopan|Berpenampilan rapi dengan seragam jelas|Jumlah petugas cukup|Lainnya","Menyapa",,,"Ketersediaan tisu, sabun, air, dan hand dryer|Toilet bowl, urinoir, dan wastafel bersih dan berfungsi dengan baik",,,,,,,,"1ee86a97-8aec-4eab-bc5f-c6cc287bfba9","Partial","New","21-04-2026 08:08:16","Anonymous",,,"cab97c1f-67b4-11f0-a847-0a0cda9789f2","01f4f038-24c4-4c5e-8607-032254333b0e",,,"true","False","QrCode","Bahasa","2026-04-21T01:05:59.4374Z",,,,,,,,,,,,,,,,"68b55898ba36f57e40594600"
"17","API dan IAS","CGK T3","1","TOILET T3 INT - BOARDING ROOM GATE 8 PRIA","I.F.02.P","5","Satisfied","5","Bersih rapih dan wangi","Cleanliness and Hygiene of Toilets","Positive","5","5","5","5","5","5","Petugas ramah dan sopan|Berpenampilan rapi dengan seragam jelas|Cepat tanggap saat membantu penumpang|Jumlah petugas cukup",,,,"Ketersediaan tisu, sabun, air, dan hand dryer|Toilet bowl, urinoir, dan wastafel bersih dan berfungsi dengan baik|Toilet memiliki aroma yang wangi|Penerangan dan sirkulasi udara toilet baik",,,,"Lokasi toilet mudah terlihat dan terjangkau|Jumlah toilet mencukupi sehingga tidak ada antrean|Proses penanganan masalah cepat sehingga aktivitas bisa berjalan dengan lancar|Jadwal kebersihan yang konsisten sehingga toilet selalu dalam kondisi bersih",,,,"a565e24e-d629-4bb5-b462-fa0e056f1a80","Completed","New","21-04-2026 06:44:40","Anonymous","71827",,"cab97c1f-67b4-11f0-a847-0a0cda9789f2","01f4f038-24c4-4c5e-8607-032254333b0e",,,"true","False","QrCode","Bahasa","2026-04-20T23:43:29.2816Z",,,,,,,,,,,,,,,,"68b55898ba36f57e40594600"
"18","API dan IAS","CGK T3","1","TOILET T3 INT - PARKING PRIA","PI.03.U.P","5","Satisfied","5","Cukup bersih","Cleanliness and Hygiene of Toilets","Neutral","5","5","5","5","5","5","Petugas ramah dan sopan|Berpenampilan rapi dengan seragam jelas|Cepat tanggap saat membantu penumpang|Jumlah petugas cukup",,,,"Ketersediaan tisu, sabun, air, dan hand dryer|Toilet bowl, urinoir, dan wastafel bersih dan berfungsi dengan baik|Toilet memiliki aroma yang wangi|Penerangan dan sirkulasi udara toilet baik",,,,"Lokasi toilet mudah terlihat dan terjangkau|Jumlah toilet mencukupi sehingga tidak ada antrean|Proses penanganan masalah cepat sehingga aktivitas bisa berjalan dengan lancar|Jadwal kebersihan yang konsisten sehingga toilet selalu dalam kondisi bersih",,,,"e2ade2d4-a4ce-4fe0-af43-83b2d4856535","Completed","New","21-04-2026 06:29:32","Anonymous","26980",,"cab97c1f-67b4-11f0-a847-0a0cda9789f2","01f4f038-24c4-4c5e-8607-032254333b0e",,,"true","False","QrCode","Bahasa","2026-04-20T23:29:05.7010Z",,,,,,,,,,,,,,,,"68b55898ba36f57e40594600"
"19","API dan IAS","CGK T2","1","TOILET T2F - CHECKIN WANITA","API&IAS-TOILET-CGK T2-HCI F TW","5","Satisfied","5","Terimakasih sudah bekerja dengan sepenuh hati",,"Positive","5","5","5","5","5","5","Petugas ramah dan sopan|Berpenampilan rapi dengan seragam jelas|Cepat tanggap saat membantu penumpang|Jumlah petugas cukup",,,,"Ketersediaan tisu, sabun, air, dan hand dryer|Toilet bowl, urinoir, dan wastafel bersih dan berfungsi dengan baik|Toilet memiliki aroma yang wangi|Penerangan dan sirkulasi udara toilet baik",,,,"Lokasi toilet mudah terlihat dan terjangkau|Jumlah toilet mencukupi sehingga tidak ada antrean|Proses penanganan masalah cepat sehingga aktivitas bisa berjalan dengan lancar|Jadwal kebersihan yang konsisten sehingga toilet selalu dalam kondisi bersih",,,,"01297d13-6ea3-486a-b7b7-dd2184f02b82","Completed","New","21-04-2026 00:55:45","Anonymous","92033",,"cab97c1f-67b4-11f0-a847-0a0cda9789f2","01f4f038-24c4-4c5e-8607-032254333b0e",,,"true","False","QrCode","Bahasa","2026-04-20T17:54:13.4172Z",,,,,,,,,,,,,,,,"68b55898ba36f57e40594600"
"20","API dan IAS","CGK T3","1","TOILET T3 DOM - SCP PRIA","D.S.02.P","5","Satisfied","5","Toilet sangat bersih dan Wangi","Odor Control, Ventilation, and Overall Comfort|Cleanliness and Hygiene of Toilets","Positive","5","5","5","5","5","5","Petugas ramah dan sopan|Berpenampilan rapi dengan seragam jelas|Cepat tanggap saat membantu penumpang|Jumlah petugas cukup",,,,"Ketersediaan tisu, sabun, air, dan hand dryer|Toilet bowl, urinoir, dan wastafel bersih dan berfungsi dengan baik|Toilet memiliki aroma yang wangi|Penerangan dan sirkulasi udara toilet baik",,,,"Lokasi toilet mudah terlihat dan terjangkau|Jumlah toilet mencukupi sehingga tidak ada antrean|Proses penanganan masalah cepat sehingga aktivitas bisa berjalan dengan lancar|Jadwal kebersihan yang konsisten sehingga toilet selalu dalam kondisi bersih",,,,"250eeae4-35ae-4704-a289-c6ea12ec8a5c","Completed","New","20-04-2026 23:15:34","Anonymous","57106",,"cab97c1f-67b4-11f0-a847-0a0cda9789f2","01f4f038-24c4-4c5e-8607-032254333b0e",,,"true","False","QrCode","Bahasa","2026-04-20T16:14:35.8856Z",,,,,,,,,,,,,,,,"68b55898ba36f57e40594600"
"21","API dan IAS","CGK T1","1","TOILET T1B - BOARDING ROOM T1B-2 PRIA","B. BL2. P","5","Satisfied","5","Naikkaan gajinya",,"Neutral","5","5","5","5","5","5","Petugas ramah dan sopan",,,,"Ketersediaan tisu, sabun, air, dan hand dryer",,,,"Jadwal kebersihan yang konsisten sehingga toilet selalu dalam kondisi bersih",,,,"fc2eb3a7-e8c3-47f9-a246-0f4befb36e3b","Completed","New","20-04-2026 20:31:13","Anonymous","94191",,"cab97c1f-67b4-11f0-a847-0a0cda9789f2","01f4f038-24c4-4c5e-8607-032254333b0e",,,"true","False","QrCode","Bahasa","2026-04-20T13:29:39.4284Z",,,,,,,,,,,,,,,,"68b55898ba36f57e40594600"
"22","API dan IAS","CGK T1","1","TOILET T1B - CORRIDOR BEFORE SCP WANITA","B. SA. W","5","Satisfied","5","Pertahankan hal yang sudah baik",,"Positive","5","5","5","5","5","5","Petugas ramah dan sopan",,,,"Toilet bowl, urinoir, dan wastafel bersih dan berfungsi dengan baik",,,,"Lokasi toilet mudah terlihat dan terjangkau|Jumlah toilet mencukupi sehingga tidak ada antrean|Jadwal kebersihan yang konsisten sehingga toilet selalu dalam kondisi bersih|Proses penanganan masalah cepat sehingga aktivitas bisa berjalan dengan lancar",,,,"3eeb5df7-b30e-4a6a-803b-334de42ce335","Completed","New","20-04-2026 20:25:12","Anonymous","136132",,"cab97c1f-67b4-11f0-a847-0a0cda9789f2","01f4f038-24c4-4c5e-8607-032254333b0e",,,"true","False","QrCode","Bahasa","2026-04-20T13:22:55.3922Z",,,,,,,,,,,,,,,,"68b55898ba36f57e40594600"
"23","API dan IAS","KNO","3","TOILET,P4 WANITA","KNO-TW-P04","5","Satisfied","5","Sdh ada antiseptic utk lap closet..mantap","Cleanliness and Hygiene of Toilets","Positive","5","5","5","5","5","5","Petugas ramah dan sopan|Berpenampilan rapi dengan seragam jelas|Cepat tanggap saat membantu penumpang|Jumlah petugas cukup",,,,"Ketersediaan tisu, sabun, air, dan hand dryer|Toilet bowl, urinoir, dan wastafel bersih dan berfungsi dengan baik|Toilet memiliki aroma yang wangi|Penerangan dan sirkulasi udara toilet baik",,,,"Lokasi toilet mudah terlihat dan terjangkau|Jumlah toilet mencukupi sehingga tidak ada antrean|Proses penanganan masalah cepat sehingga aktivitas bisa berjalan dengan lancar|Jadwal kebersihan yang konsisten sehingga toilet selalu dalam kondisi bersih",,,,"1db4be30-6966-44d8-a458-a87945eacb37","Completed","New","20-04-2026 19:48:14","Anonymous","116897",,"cab97c1f-67b4-11f0-a847-0a0cda9789f2","01f4f038-24c4-4c5e-8607-032254333b0e",,,"true","False","QrCode","Bahasa","2026-04-20T12:46:15.5847Z",,,,,,,,,,,,,,,,"68b55898ba36f57e40594600"
"24","API dan IAS","CGK T3","1","TOILET T3 INT - SCP WANITA","I.S.02.W","3","Neutral","3","TEMPAT SAMPAH PENUH SAYA BERI TAHU","Facility Maintenance and Upkeep","Negative","3","3","3","3","3","3",,,"Lainnya","PENUH TEMPAT SAMPAH SAYA BERI TAHU",,,"Lainnya","TEMPAT SAMPAH PENUH SAYA BERI TAHU",,,"Antrean toilet panjang karena jumlah toilet tidak mencukupi",,"9beb47f9-54a0-44d6-a455-f5f23efde385","Completed","New","20-04-2026 19:18:04","Anonymous","166305",,"cab97c1f-67b4-11f0-a847-0a0cda9789f2","01f4f038-24c4-4c5e-8607-032254333b0e",,,"true","False","QrCode","Bahasa","2026-04-20T12:15:17.8342Z",,,,,,,,,,,,,,,,"68b55898ba36f57e40594600"
"25","API dan IAS","CGK T2","1","TOILET T2F - CHECKIN WANITA","API&IAS-TOILET-CGK T2-HCI F TW","5","Satisfied","5","Fasilitas lengkap & Bersih","Cleanliness and Hygiene of Toilets","Positive","5","5","5","5","5","5","Petugas ramah dan sopan|Cepat tanggap saat membantu penumpang|Berpenampilan rapi dengan seragam jelas|Jumlah petugas cukup",,,,"Ketersediaan tisu, sabun, air, dan hand dryer|Toilet bowl, urinoir, dan wastafel bersih dan berfungsi dengan baik|Toilet memiliki aroma yang wangi|Penerangan dan sirkulasi udara toilet baik",,,,"Lokasi toilet mudah terlihat dan terjangkau|Jumlah toilet mencukupi sehingga tidak ada antrean|Proses penanganan masalah cepat sehingga aktivitas bisa berjalan dengan lancar|Jadwal kebersihan yang konsisten sehingga toilet selalu dalam kondisi bersih",,,,"ee969c0c-2b3a-4110-b93d-c4d850b38974","Completed","New","20-04-2026 16:16:51","Anonymous","140895",,"cab97c1f-67b4-11f0-a847-0a0cda9789f2","01f4f038-24c4-4c5e-8607-032254333b0e",,,"true","False","QrCode","Bahasa","2026-04-20T09:14:32.0600Z",,,,,,,,,,,,,,,,"68b55898ba36f57e40594600"
"26","API dan IAS","CGK T2","1","TOILET T2D - BAGGAGE CLAIM PRIA","API&IAS-TOILET-CGK T2-HCO D TP","5","Satisfied","5","Petugas Ramah toilet bersih","Cleanliness and Hygiene of Toilets","Positive","5","5","5","5","5","5","Petugas ramah dan sopan|Berpenampilan rapi dengan seragam jelas|Cepat tanggap saat membantu penumpang|Jumlah petugas cukup",,,,"Ketersediaan tisu, sabun, air, dan hand dryer|Toilet bowl, urinoir, dan wastafel bersih dan berfungsi dengan baik|Toilet memiliki aroma yang wangi|Penerangan dan sirkulasi udara toilet baik",,,,"Lokasi toilet mudah terlihat dan terjangkau|Jumlah toilet mencukupi sehingga tidak ada antrean|Proses penanganan masalah cepat sehingga aktivitas bisa berjalan dengan lancar|Jadwal kebersihan yang konsisten sehingga toilet selalu dalam kondisi bersih",,,,"b0ba85ab-c256-47ef-a590-fd335320b2c5","Completed","New","20-04-2026 16:13:40","Anonymous","52051",,"cab97c1f-67b4-11f0-a847-0a0cda9789f2","01f4f038-24c4-4c5e-8607-032254333b0e",,,"true","False","QrCode","Bahasa","2026-04-20T09:12:48.9364Z",,,,,,,,,,,,,,,,"68b55898ba36f57e40594600"
